"","ref_words","Freq"
"1","",2
"2",";",1
"3","""Meaning""",1
"4","(1996–1998)",1
"5","(3000-2500",5
"6","(35lk1529),",8
"7","(41AN38)",2
"8","(41AS79),",1
"9","(41BO202)",1
"10","(41BO202),",1
"11","(41BP200),",1
"12","(41BX12),",1
"13","(41BX12);",1
"14","(41BX1271),",2
"15","(41BX1409),",1
"16","(41BX1421):",2
"17","(41BX1600)",1
"18","(41BX19)",1
"19","(41BX19),",2
"20","(41BX267),",1
"21","(41BX278),",1
"22","(41BX3),",1
"23","(41BX326)",1
"24","(41BX337)",3
"25","(41BX342)",1
"26","(41BX342);",1
"27","(41BX369)",1
"28","(41BX4),",2
"29","(41BX441),",1
"30","(41BX5),",1
"31","(41BX507),",1
"32","(41BX52),",1
"33","(41BX6)",1
"34","(41BX620)",1
"35","(41BX622),",1
"36","(41BX63)",1
"37","(41BX677):",1
"38","(41BX786),",1
"39","(41BX795),",1
"40","(41BX8)",1
"41","(41BX8),",1
"42","(41CM111)",1
"43","(41CP20),",3
"44","(41CP21)",3
"45","(41CP220),",3
"46","(41CV1378)",1
"47","(41CW104)",1
"48","(41DL436)",1
"49","(41FB334):",1
"50","(41GD1),",1
"51","(41GD30A):",2
"52","(41GL52)",1
"53","(41HR39)",1
"54","(41HR976),",1
"55","(41HS915)",1
"56","(41HY160)",1
"57","(41JW8),",1
"58","(41KA26-B)",1
"59","(41KR621):",1
"60","(41MM341),",1
"61","(41MM382)",1
"62","(41MN23),",2
"63","(41MS69)",1
"64","(41MV372)",1
"65","(41NU2)",2
"66","(41PN175),",1
"67","(41RB112):",2
"68","(41RF1),",1
"69","(41RK214),",23
"70","(41TV163)",1
"71","(41TV632,",6
"72","(41WB556),",1
"73","(41YN452):",2
"74","(IH)",2
"75","(Jester",1
"76","(NRHP)",1
"77","(Phase",4
"78","(Texas)",1
"79","(The",1
"80","(USA),",1
"81","#1)",1
"82","=",4
"83","0.5",1
"84","1",12
"85","1,000",31
"86","1;",7
"87","10-acre",1
"88","10,",2
"89","10th",1
"90","117-acre",1
"91","1200-1600",1
"92","1464,",1
"93","¹⁴c",1
"94","153",1
"95","158",1
"96","16",2
"97","1604,",1
"98","18",36
"99","1880-1916,",1
"100","1975",1
"101","1979.",2
"102","1983",1
"103","1984",13
"104","1986;",1
"105","1992",1
"106","1993",1
"107","2",10
"108","2;",12
"109","2.4",1
"110","2000-2007;",1
"111","2003",2
"112","2003;",1
"113","201",3
"114","206",2
"115","211",1
"116","216",1
"117","23",23
"118","259:",1
"119","2790",1
"120","294",1
"121","3",2
"122","3,",1
"123","3,000",5
"124","3:",3
"125","30",1
"126","30,",1
"127","3359",2
"128","3367",1
"129","349",1
"130","35",1
"131","37",2
"132","375",7
"133","41",3
"134","410",10
"135","41BL1214,",1
"136","41BL260",1
"137","41BL278,",1
"138","41BL301",1
"139","41BO184,",1
"140","41BO185",1
"141","41BP19,",1
"142","41BP314:",1
"143","41BP678,",1
"144","41BP679,",1
"145","41BT427,",1
"146","41BU16",1
"147","41BU24",1
"148","41BU49",1
"149","41BU51,",1
"150","41BU75,",1
"151","41BX1,",1
"152","41BX1131",1
"153","41BX1199,",2
"154","41BX126,",1
"155","41BX1271,",1
"156","41BX1412",1
"157","41BX1576",1
"158","41BX1598",1
"159","41BX17/271,",1
"160","41BX171:",1
"161","41BX1749,",1
"162","41BX1764",1
"163","41BX1788",1
"164","41BX180,",1
"165","41BX19,",1
"166","41BX1968,",1
"167","41BX22",1
"168","41BX235,",1
"169","41BX237",1
"170","41BX266,",1
"171","41BX300,",1
"172","41BX323",1
"173","41BX333",1
"174","41BX4,",1
"175","41BX5,",1
"176","41BX502",1
"177","41BX518",1
"178","41BX679",1
"179","41BX68:",1
"180","41BX785",1
"181","41BX794,",1
"182","41BX901,",3
"183","41CC233",1
"184","41CD56",1
"185","41CI30",1
"186","41CJ75",2
"187","41CJ76",2
"188","41CK178",1
"189","41CK193:",1
"190","41CP228",2
"191","41CP229",2
"192","41CV1310,",1
"193","41CV1636,",1
"194","41CW25",1
"195","41DW269",1
"196","41DW277,",1
"197","41EP880",1
"198","41FB191",1
"199","41FY11:",2
"200","41FY141,",4
"201","41FY151,",4
"202","41FY152,",4
"203","41FY153",4
"204","41FY421,",3
"205","41FY422,",3
"206","41FY424",3
"207","41FY58,",1
"208","41GD113",2
"209","41GD114",2
"210","41GM23",2
"211","41HE257,",1
"212","41HK28",2
"213","41HM46,",1
"214","41HM61,",1
"215","41HR564",1
"216","41HS11",1
"217","41HY147,",1
"218","41HY160,",1
"219","41HY161:",1
"220","41HY165,",1
"221","41HY37",1
"222","41JS102",1
"223","41JW8:",1
"224","41KA25",1
"225","41KA87",1
"226","41KE93",1
"227","41KF118",1
"228","41KM225,",1
"229","41KM3",1
"230","41KM69,",1
"231","41KR210",2
"232","41KR243,",1
"233","41KT32",1
"234","41LE326",1
"235","41LK201",1
"236","41LK202",2
"237","41LK269",1
"238","41LK31/32",2
"239","41LK67",1
"240","41LR92",1
"241","41LT307,",1
"242","41ME29",1
"243","41MI96",1
"244","41MK10",2
"245","41MK27,",2
"246","41MK28",2
"247","41MK29",2
"248","41MM340",2
"249","41MM341,",2
"250","41MS32,",1
"251","41MV120:",1
"252","41MV57:",1
"253","41MX23",1
"254","41MX5",1
"255","41NL20",1
"256","41PC476",1
"257","41PK69",1
"258","41PN3",2
"259","41PN4",2
"260","41PR44,",1
"261","41PS109",1
"262","41RB31",2
"263","41RK195,",1
"264","41RT128",2
"265","41RT362",1
"266","41SM203,",1
"267","41SM231",1
"268","41SM385",2
"269","41SS164,",1
"270","41SV153,",1
"271","41TG114,",3
"272","41TG115,",3
"273","41TG116",3
"274","41TR170,",1
"275","41TT87",1
"276","41TV338",3
"277","41TV386",2
"278","41TV410",2
"279","41TV540",2
"280","41TV633,",6
"281","41TV634",6
"282","41TV635)",6
"283","41TV875",2
"284","41TV875,",1
"285","41UR36",1
"286","41VV801",1
"287","41WA47",5
"288","41WB414",2
"289","41WB437",2
"290","41WB438",2
"291","41WH85",1
"292","41WL19",1
"293","41WM1157,",1
"294","41WM13",1
"295","41WM443",2
"296","41WM461",1
"297","41WM543",1
"298","41WN104",1
"299","41WN30,",9
"300","41YN2",1
"301","41ZV202,",1
"302","44",1
"303","481,",1
"304","48HY163,",1
"305","56",2
"306","67,",2
"307","71,",2
"308","734,",1
"309","7657,",1
"310","81:",1
"311","90",3
"312","95",1
"313","a",70
"314","A",150
"315","A,",1
"316","Abstein",1
"317","Academy",2
"318","Academy,",2
"319","Accelerator",8
"320","Accumulation,",15
"321","Acequia",8
"322","Acequia,",1
"323","Acres",4
"324","Activity",3
"325","Acuña",1
"326","Adaptive",8
"327","Additional",2
"328","Advance",1
"329","Affected",1
"330","African",1
"331","After",1
"332","Ages",2
"333","Aggregate",15
"334","Air",4
"335","Alamo",4
"336","Alazan",1
"337","along",14
"338","Along",22
"339","Alternate",1
"340","Alto;",2
"341","America",1
"342","America:",89
"343","American",46
"344","among",8
"345","an",28
"346","An",178
"347","Analysis",39
"348","Ancient",3
"349","and",676
"350","Angleton",1
"351","Anomalies...",1
"352","Antiquity",1
"353","Antonio",34
"354","Antonio,",99
"355","Apalachee",1
"356","Appear",4
"357","Appendixes",1
"358","Application",112
"359","Applications",9
"360","Approach",1
"361","Aquatic",2
"362","Aransas",1
"363","Archaeological",518
"364","Archaeological,",2
"365","Archaeology",37
"366","Archaeology;",1
"367","Archaeology:",2
"368","Archaic",35
"369","Archeaological",1
"370","Archeological",46
"371","Archetype",4
"372","Architecture:",9
"373","Archival",13
"374","Area",10
"375","Area,",4
"376","Areas",4
"377","Areas,",2
"378","Army",11
"379","Arocha",1
"380","Arsenal",1
"381","Artcraft",1
"382","Artifact,",3
"383","as",18
"384","As",6
"385","Assemblage",45
"386","Assessment",11
"387","Assessment,",1
"388","Assessments",1
"389","Associated",3
"390","at",262
"391","At",1
"392","Atlantic",1
"393","Authority",1
"394","Avenue",8
"395","Avenue,",1
"396","Avenue;",1
"397","Aviation",1
"398","Aztalan,",2
"399","B.",6
"400","B.P.)",5
"401","Babcock",3
"402","Background",7
"403","Backhoe",3
"404","Baker",1
"405","Balcones",1
"406","Bandera",6
"407","Banks",2
"408","Barrett",1
"409","Barton",3
"410","Base",4
"411","Base,",4
"412","Basin",16
"413","Basin,",5
"414","Basins",1
"415","Basketry",2
"416","Bastrop",39
"417","Bastrop,",2
"418","Battle",1
"419","Bay",1
"420","Bay,",2
"421","Bayesian",67
"422","be",1
"423","Bear's",4
"424","Bearing",8
"425","Becerra",1
"426","Bell",4
"427","Belt,",2
"428","Bench",1
"429","Bend",2
"430","Bender",1
"431","Berger",2
"432","between",1
"433","Between",90
"434","Bexar",150
"435","Beyond",5
"436","Big",3
"437","Bike",5
"438","Bioarchaeological",1
"439","Bioarcheological",1
"440","Biological",89
"441","Bison",2
"442","Blacksmith",1
"443","Blanco",14
"444","Blewett",2
"445","Block",31
"446","Bluff",4
"447","Bluff:",1
"448","Bluffs",1
"449","Body",7
"450","Boerne,",7
"451","Bone",7
"452","Bonebeds",7
"453","Bonfire",1
"454","Borderlands,",2
"455","Boulevard",2
"456","Bowie,",57
"457","Brackenridge",1
"458","Brake,",2
"459","Branch",6
"460","Braunfels",2
"461","Braunfels,",4
"462","Brazoria",5
"463","Brazoria,",1
"464","Bridge",6
"465","Brown",57
"466","Builders",1
"467","Building",6
"468","Bulk",2
"469","Bullis",1
"470","Burial",15
"471","Burial:",1
"472","Burials",1
"473","Burleson",6
"474","Burned",1
"475","Burned-Rock",1
"476","Burnet",1
"477","Bus",1
"478","Butler",14
"479","by",2
"480","Bypass",2
"481","Bypass,",1
"482","C.",1
"483","Cabras",1
"484","Cabras,",11
"485","Caddo",106
"486","Cahokia",7
"487","Cal",5
"488","Caldwell",1
"489","Camarena",1
"490","Camp",159
"491","Camp,",1
"492","Campsite",2
"493","Campus",1
"494","Campus,",6
"495","Canyon",13
"496","Canyon:",4
"497","Canyonlands",29
"498","Capistrano",1
"499","Capistrano,",1
"500","Cases",7
"501","Castroville",1
"502","Castroville,",1
"503","Castroville's",1
"504","Catalpa-Pershing",1
"505","Catchment",1
"506","Cave",2
"507","Caves",1
"508","Cayo",2
"509","CCC:",7
"510","Cemetery",7
"511","Cemetery,",2
"512","Center",2
"513","Center,",12
"514","Central",40
"515","Century",1
"516","Ceramic",35
"517","Ceramics",1
"518","Ceramics:",7
"519","Chaco",8
"520","Chacon",2
"521","Chambers",2
"522","Change",37
"523","Change:",25
"524","Changing",1
"525","Channel",3
"526","Chapel",1
"527","Chemistry,",7
"528","Chesapeake",1
"529","Children's",1
"530","Childress",1
"531","Choke",4
"532","Christi",7
"533","Christi,",2
"534","Christopher",1
"535","Chronological",3
"536","Chronology",4
"537","Church",1
"538","Cibolo",4
"539","City",31
"540","City,",3
"541","Civil",1
"542","Classic",1
"543","Clear",1
"544","Clemente",1
"545","Climate",5
"546","Clovis",18
"547","Co.,",2
"548","Coachman",1
"549","Coast",8
"550","Coast:",3
"551","Coastal",30
"552","Coiled",2
"553","Coke",2
"554","Coleto",2
"555","Collapse",25
"556","College",5
"557","Colonial",4
"558","Colorado",16
"559","Colorado;",13
"560","Columbia,",1
"561","Columbus",2
"562","Comal",11
"563","Comanche",2
"564","Comments",2
"565","Communalism,",2
"566","Community",47
"567","Comparative",2
"568","Complex",2
"569","Complex,",6
"570","Components",5
"571","Concepcion",1
"572","Concepción",4
"573","Concepcion,",1
"574","Concho",1
"575","Conducted",1
"576","Conduit",1
"577","Confidence",5
"578","Confluence:",3
"579","Consequences",15
"580","Considering",1
"581","Construction",32
"582","Contexts",2
"583","Contextual",1
"584","Continuity",32
"585","Convention",2
"586","Convento",1
"587","Converse",1
"588","Converse,",1
"589","Conversion",4
"590","Cooking",2
"591","Cooperative",2
"592","Cooperative,",3
"593","Cordova",1
"594","Corpus",9
"595","Correction",5
"596","Coryell",3
"597","Counties,",19
"598","County",11
"599","County,",598
"600","Courage",4
"601","Course,",1
"602","Courtyard",2
"603","Courtyard,",1
"604","Covel",1
"605","CPS",14
"606","CR",2
"607","Creek",46
"608","Creek,",6
"609","Creel",4
"610","Creel;",2
"611","Crockett",2
"612","Crook's",1
"613","Crossing,",1
"614","Crucial",25
"615","Cruz",2
"616","Crystal",1
"617","Culebra",1
"618","Cultural",29
"619","Culture",25
"620","Culture-History",1
"621","Cut",1
"622","Cypress",3
"623","Dakota",2
"624","Dam",1
"625","Dam,",3
"626","Data",24
"627","Data:",67
"628","Dates,",3
"629","Dating",17
"630","Davis:",1
"631","de",18
"632","De",4
"633","Debitage",45
"634","del",3
"635","Del",2
"636","Demographic",45
"637","Dental",89
"638","Depopulation",1
"639","Deposits",3
"640","Deposits,",2
"641","Design",58
"642","Design;",14
"643","Destroyer",1
"644","Detector",1
"645","Detention",6
"646","Determine",36
"647","Determining",6
"648","Devine",1
"649","Dewitt",1
"650","DeWitt",1
"651","Diet,",21
"652","Dietrich",1
"653","Dietz",8
"654","Differential",9
"655","Dimmit",1
"656","Distance",45
"657","Distribution",2
"658","District",3
"659","District,",2
"660","Ditch",2
"661","Diversity",8
"662","Diversity:",45
"663","DNA,",3
"664","Documentation",1
"665","Documents",2
"666","Does",4
"667","Dos",3
"668","Double",2
"669","Downtown",2
"670","Drainage",5
"671","Dredge",1
"672","Drive",1
"673","Dump",1
"674","E.",4
"675","Eagle",1
"676","Earlier",4
"677","Early",28
"678","Earthworks",2
"679","East",17
"680","East,",1
"681","Eastern",5
"682","Ecosystem",2
"683","Edith",1
"684","Edwards",5
"685","Eight",10
"686","Eisenhauer",4
"687","El",10
"688","Electric",5
"689","Electrical",1
"690","Eligibility",57
"691","Empirical",67
"692","Encrusted",2
"693","Engstrand",1
"694","Enhancement",4
"695","Epidemics",21
"696","Era",1
"697","Escarpment,",1
"698","Espada",2
"699","Espada,",1
"700","Espíritu",1
"701","establised",1
"702","Ethnographic",3
"703","Evaluating",9
"704","Evaluation",16
"705","Evidence",35
"706","Evolution",23
"707","Example",9
"708","Excavation",11
"709","Excavations",52
"710","Excavations,",2
"711","Exhumation,",1
"712","Expansion",4
"713","Expansion,",3
"714","Exploitation",4
"715","Explorations",1
"716","Extension",21
"717","Extension,",2
"718","Facilities",1
"719","Facility",6
"720","Facility,",8
"721","Fairfield",1
"722","Fall",1
"723","False",1
"724","Family",1
"725","Farm",1
"726","Farm,",1
"727","Farmers",89
"728","Farmers,",7
"729","Farmstead,",2
"730","Faunal",3
"731","Fayette",11
"732","Feast:",3
"733","Feasting",6
"734","Feasting;",1
"735","Features",22
"736","Field",46
"737","Fifth",1
"738","Final",9
"739","Firebreaks",30
"740","First",3
"741","Fish",1
"742","Five",2
"743","Flatrock",1
"744","Flood",1
"745","Florida;",1
"746","Flume",2
"747","FM",9
"748","for",163
"749","For",2
"750","Foragers",97
"751","Force",4
"752","Fork",1
"753","Former",1
"754","Fort",10
"755","Four",26
"756","Fourth",2
"757","Francisco",3
"758","Fredericksburg",3
"759","Freestone",1
"760","fro",1
"761","from",127
"762","From",29
"763","frontier:",1
"764","Fulton",2
"765","Fuzzy-Set",1
"766","Gardens",1
"767","Gateway",3
"768","Gatlin",1
"769","Geoarchaeological",1
"770","Geoarchaeology",1
"771","Geoarcheological",3
"772","Geological",1
"773","Geomorphological",9
"774","Geophysical",3
"775","German",1
"776","Gillespie",3
"777","GIS",1
"778","Golf",1
"779","Goliad",5
"780","Government",2
"781","Granary",1
"782","Granberg",1
"783","Grande",2
"784","Grange",2
"785","Grave",1
"786","Graves",3
"787","Great",20
"788","Greater",7
"789","Green,",3
"790","Greenbelt,",1
"791","Greenway",3
"792","Greenway,",4
"793","Greenway:",1
"794","Gresser",1
"795","Grimes",1
"796","Grounds",1
"797","Growth",7
"798","Guadalupe",4
"799","Guard",10
"800","Guenther's",2
"801","Gulf",21
"802","Habitat",1
"803","Hale",2
"804","Hall",3
"805","Hall,",1
"806","Hamilton",2
"807","Hancock",4
"808","Harris",4
"809","Harrison",2
"810","Haskell",2
"811","Hawkwind",1
"812","Hays",8
"813","Headwaters",1
"814","Hemisfair",1
"815","Henderson",1
"816","Herminia",1
"817","Hierarchy,",2
"818","High-Potential",1
"819","Highway",9
"820","Hike",5
"821","Hike...",3
"822","Hill",23
"823","Hinjosa",1
"824","Hinojosa",1
"825","Historic",28
"826","Historical",17
"827","Historical,",2
"828","Histories...",2
"829","History",1
"830","Holocene",6
"831","Home",4
"832","Homestead",4
"833","Hood,",2
"834","Hopewell",7
"835","Horizon",1
"836","Horton",3
"837","Hot",1
"838","Hotel",1
"839","House",4
"840","Houses:",2
"841","Housing",1
"842","Houston",4
"843","Howey",3
"844","Human",1
"845","Humanity",1
"846","Hunter-gatherer-fisher",21
"847","Hunter-Gatherers:",5
"848","Hunting",4
"849","Hunts",7
"850","Huntsville",5
"851","Hydroelectric",5
"852","I",6
"853","I;",1
"854","I)",1
"855","I),",1
"856","Ice",1
"857","Idelfonzo",1
"858","Identification",21
"859","Identifying",2
"860","Identity",22
"861","IH",2
"862","II",18
"863","II:",6
"864","II)",2
"865","III",23
"866","Illinois",9
"867","Implications",12
"868","Improvement",11
"869","Improvements",12
"870","in",435
"871","In",4
"872","Inadequacies",1
"873","Inc.",2
"874","Inc.,",2
"875","including",1
"876","Including",1
"877","Incongruities,",1
"878","Independent",2
"879","Indian",1
"880","Indigenous",4
"881","Inhabitants",2
"882","Initial",2
"883","Integrated",3
"884","Intensification",21
"885","Intensive",29
"886","Interaction",28
"887","Intermountain",1
"888","Internal",1
"889","Interstate",4
"890","Inventory",9
"891","Investigating",8
"892","Investigation",11
"893","investigations",1
"894","Investigations",87
"895","Investigations:",1
"896","Isotope",21
"897","Isotopes",69
"898","Isotopes;",8
"899","Italian",1
"900","Its",17
"901","IV",6
"902","J.",4
"903","Jackson",1
"904","Jake",1
"905","James",2
"906","Jefferson",2
"907","Jim",1
"908","Jodie",1
"909","Johnson",4
"910","Jones",1
"911","Jordan",1
"912","Jose",5
"913","Jose,",2
"914","Joseph",1
"915","Journey",4
"916","Juan",3
"917","Jump:",1
"918","Junior",1
"919","Kansas",15
"920","Karnes",3
"921","Kash",6
"922","Kaufman",1
"923","Keering",3
"924","Kendall",12
"925","Kennedy",1
"926","Kent",1
"927","Kerr",4
"928","Killam",2
"929","Kills?",7
"930","Kimble",4
"931","Kinney",2
"932","Kiosk",1
"933","Kitchen",3
"934","Knollcreek",4
"935","L.",1
"936","la",4
"937","La",3
"938","Labor,",1
"939","Lackland",4
"940","LaGrange",1
"941","Lake",22
"942","Lake,",1
"943","Lake:",1
"944","Lakes",14
"945","Lakes,",1
"946","Lakeview",4
"947","Lamar",67
"948","Lampasas",3
"949","Land",7
"950","Land,",1
"951","Landa",2
"952","Landfill",4
"953","Lane",1
"954","Lang",2
"955","Laredo",3
"956","Laredo,",7
"957","las",11
"958","Las",1
"959","last",1
"960","Late",18
"961","League",2
"962","Leases",2
"963","Lee",15
"964","Leon",7
"965","Levi",1
"966","Lexington",2
"967","Lichenometric",9
"968","Life",1
"969","Life,",1
"970","Lifeways",3
"971","Lignite",14
"972","Limestone",1
"973","Limited",1
"974","Line",3
"975","Linear",29
"976","Lino",1
"977","Lion's",1
"978","Lithic",1
"979","Little",6
"980","Live",8
"981","Llano",1
"982","Locales",2
"983","Locality",1
"984","Located",1
"985","location",1
"986","Location",20
"987","Locations",1
"988","Logistic",5
"989","Long",3
"990","Long-Distance",5
"991","Loop",19
"992","Lorence",1
"993","Lot",1
"994","Lot,",2
"995","Louisiana",9
"996","Louisiana;",2
"997","Lower",41
"998","Luminescence",3
"999","Lynch",3
"1000","Lyndon",2
"1001","Mabry",3
"1002","Madre",1
"1003","Main",1
"1004","Maize",2
"1005","Makers",1
"1006","Mammals",4
"1007","Mammoth",2
"1008","Mansion",2
"1009","Mantle",3
"1010","Manufacturing",18
"1011","Marcos",2
"1012","Marcos,",5
"1013","Maria",1
"1014","Marine",5
"1015","Markers",1
"1016","Marks",1
"1017","Marks:",7
"1018","Martin",1
"1019","Martindale",1
"1020","Mary's",1
"1021","Mason",2
"1022","Mass",15
"1023","Maverick",3
"1024","Maxey",43
"1025","Maxey,",30
"1026","Mayer",1
"1027","Mayor",1
"1028","McAllister",6
"1029","McColloch",2
"1030","McCulloch",2
"1031","McDonald",1
"1032","McGriff",2
"1033","McIntosh,",2
"1034","McPherson",3
"1035","Medina",24
"1036","Medio",3
"1037","Meeting",1
"1038","Meghan",1
"1039","Menard",3
"1040","Mesa",95
"1041","Metal",1
"1042","Methods",67
"1043","Metropolitan",1
"1044","Mexican",2
"1045","Midden",3
"1046","Middle",25
"1047","Midewiwin",2
"1048","Midland",4
"1049","Midwest",24
"1050","Midwest;",1
"1051","Migrant",1
"1052","Migration",29
"1053","Milam",4
"1054","Miles",2
"1055","Military",2
"1056","Mill",2
"1057","Millican",1
"1058","Mills",1
"1059","Mines",1
"1060","Mining",3
"1061","mission",1
"1062","Mission",32
"1063","Missions",6
"1064","Missions:",4
"1065","Mississippi",32
"1066","Mississippi,",7
"1067","Mississippian",17
"1068","Mitchell",1
"1069","Mitigation",4
"1070","Mobility",8
"1071","Mobility,",21
"1072","Moccasin",3
"1073","Model",70
"1074","Model:",2
"1075","Modification",1
"1076","Monitoring",25
"1077","Monopole",1
"1078","Monument",1
"1079","Morgan",1
"1080","Morris",2
"1081","Mortuary",22
"1082","Motor",18
"1083","Mound",14
"1084","Mountains",2
"1085","Moveable",3
"1086","Mud",1
"1087","Mujeres",1
"1088","Multi-Component",1
"1089","Multicomponent",4
"1090","Multiple",1
"1091","Municipal",1
"1092","Murvaul",1
"1093","Museum",1
"1094","N.",4
"1095","NA",3
"1096","Naegelin",1
"1097","Natalia,",1
"1098","National",82
"1099","Natural",2
"1100","Nature",1
"1101","Navasota",1
"1102","near",2
"1103","Near",4
"1104","Nebraska",3
"1105","Necessity",1
"1106","Neches",2
"1107","Neolithic",45
"1108","Nests",1
"1109","New",11
"1110","Newt",6
"1111","Nineteenth",1
"1112","Nineteenth-Century",1
"1113","No.",2
"1114","Nolan",1
"1115","Nonmetric",89
"1116","Noodle",1
"1117","Norman's",1
"1118","North",101
"1119","Northeast",26
"1120","Northeastern",23
"1121","Northern",9
"1122","Northrup",7
"1123","Northwest",12
"1124","NRHP",8
"1125","Nueces",4
"1126","Nuestra",2
"1127","Nursery",1
"1128","O.R.",1
"1129","O'Shea's",2
"1130","Oak",27
"1131","Oak,",4
"1132","Obsidian",32
"1133","Occasional",7
"1134","Occupation",12
"1135","Occupations",1
"1136","Ocean,",1
"1137","of",1140
"1138","Office",1
"1139","Ohio",7
"1140","Ohio's",1
"1141","Old",4
"1142","Olmos",1
"1143","on",111
"1144","On",2
"1145","One,",1
"1146","Oneota",25
"1147","Onion",2
"1148","Operations,",1
"1149","Opportunistic",3
"1150","or",7
"1151","Order",2
"1152","Oregon,",8
"1153","Organization",3
"1154","Organizing",5
"1155","Origin",2
"1156","Origins",7
"1157","Osborn",1
"1158","Oscar",1
"1159","Oso",3
"1160","other",1
"1161","Outfall",2
"1162","Outliers,",1
"1163","over",5
"1164","Overview",2
"1165","Oxidation",6
"1166","Packages",3
"1167","Pad",1
"1168","Paint",1
"1169","Paisley",1
"1170","Paleo-Indian",1
"1171","Paleoarchaic",3
"1172","Paleodiet",77
"1173","Paleoindian",11
"1174","Paleolandscapes,",1
"1175","Paloma",4
"1176","Panola",3
"1177","Panther",1
"1178","Paper",1
"1179","Paper;",1
"1180","Papers",2
"1181","Parcels",7
"1182","Park",28
"1183","Park,",51
"1184","Park:",1
"1185","Parker",1
"1186","Parking",3
"1187","Parkway",15
"1188","Parkway;",1
"1189","Parmer",1
"1190","Particio",1
"1191","Partnerships",4
"1192","Parts,",7
"1193","Paso",10
"1194","past",5
"1195","Pasture",2
"1196","Patricio",7
"1197","Pattern",2
"1198","Patterns",15
"1199","Pavo",1
"1200","Pearl",1
"1201","Pecos",30
"1202","Pedestrian",25
"1203","Pedro",8
"1204","Penn-Texas",1
"1205","Perez",5
"1206","Period",2
"1207","Pertaining",2
"1208","Peter-St.",1
"1209","Petrography",6
"1210","Phase",19
"1211","Phenomenon",2
"1212","Pictographs",29
"1213","Pilgrimage",2
"1214","Pioneer",2
"1215","Pipeline",1
"1216","Place",2
"1217","Places",5
"1218","Plain",14
"1219","Plain;",7
"1220","Plains",9
"1221","Plainview",2
"1222","Plan",3
"1223","Plank",2
"1224","Planned",20
"1225","Plant,",23
"1226","Plantation",2
"1227","Plateau",5
"1228","Plaza",3
"1229","Plaza,",1
"1230","Plazas",9
"1231","Point",16
"1232","Point,",1
"1233","Points",1
"1234","Polk",1
"1235","Population",1
"1236","Populations",6
"1237","Populations,",15
"1238","Portion",12
"1239","Portions",1
"1240","Possible",2
"1241","Post",1
"1242","Potential",2
"1243","Pots",21
"1244","Pottery",10
"1245","POW",1
"1246","Power",3
"1247","Pox:",21
"1248","Pr...",2
"1249","Pre-Clovis",1
"1250","Prehistoric",91
"1251","Preliminary",12
"1252","Preservation",9
"1253","Preshistoric",1
"1254","Preshitoric",1
"1255","Presidio",3
"1256","Priest",1
"1257","Principle",5
"1258","Problems",4
"1259","Probst",2
"1260","Processes:",15
"1261","Processing",45
"1262","Procurement",46
"1263","Program,",1
"1264","Project",44
"1265","Project,",25
"1266","Project;",3
"1267","Project:",5
"1268","Project:Archaeological",2
"1269","Projectile",15
"1270","Pronghorn",7
"1271","Property",2
"1272","Propised",1
"1273","Proposal",1
"1274","Proposed",66
"1275","Prospect,",14
"1276","Protohistoric",21
"1277","Provenance",6
"1278","Pueblo",2
"1279","Pueblo;",1
"1280","Puebloan",31
"1281","Purisima",1
"1282","Pyron",2
"1283","Quarry",3
"1284","Quarry-Workshop",1
"1285","Quarters",1
"1286","Quarters,",1
"1287","Quests",1
"1288","Radiocarbon",14
"1289","Raffman",9
"1290","Railroad",1
"1291","Rainwater",1
"1292","Ranch",9
"1293","Ranch,",3
"1294","Ranchers,",7
"1295","Rancho",12
"1296","Raw",1
"1297","Reach",4
"1298","Reading",1
"1299","Real",1
"1300","Realignment",1
"1301","Reappraisal",1
"1302","Reassessment",34
"1303","Reburial",2
"1304","Recommendations",2
"1305","Reconnaissance",5
"1306","Reconsidering",3
"1307","Reconstructing",77
"1308","Recovery",21
"1309","Red",30
"1310","Rediscovering",1
"1311","Reevaluation",1
"1312","Refugio",1
"1313","Region",49
"1314","Region,",28
"1315","Region;",18
"1316","Regional",3
"1317","Register",62
"1318","Reinterment",1
"1319","Relationships",90
"1320","Relocation",1
"1321","Remote",3
"1322","Replacement",2
"1323","Repointing",1
"1324","Report",20
"1325","Representation",1
"1326","Requirements,",3
"1327","Research",16
"1328","Reservation,",1
"1329","Reservior,",1
"1330","Reservoir",5
"1331","Reservoir,",5
"1332","Residence",1
"1333","Residues",2
"1334","Resolution",3
"1335","Resource",6
"1336","Resources",55
"1337","Responders",2
"1338","Response",6
"1339","Rest",2
"1340","Restoration",2
"1341","Results",14
"1342","Retama/Selma",1
"1343","Retreats:",6
"1344","Review",9
"1345","Reviewed",1
"1346","Right-of-Way",4
"1347","Rigsby",1
"1348","Rio",2
"1349","Rio,",2
"1350","Rios",2
"1351","Ritual",4
"1352","Ritual,",7
"1353","Ritual:",1
"1354","River",43
"1355","River,",6
"1356","River:",1
"1357","Rivers",1
"1358","Road",23
"1359","Road,",18
"1360","Roads",30
"1361","Roads,",3
"1362","Roadway",4
"1363","Roberts",4
"1364","Robertson",2
"1365","Rock",7
"1366","Rockport,",1
"1367","Rocky",2
"1368","Roma",5
"1369","Roma,",5
"1370","Root-Be-Gone",2
"1371","Route",1
"1372","Routes",4
"1373","Royal",1
"1374","RT129",2
"1375","Ruben",2
"1376","Rubin",2
"1377","Rufugio",1
"1378","Ruiz",1
"1379","Rusk",24
"1380","S.H.",2
"1381","Saba",4
"1382","Sacristy",1
"1383","Safety",2
"1384","Salado",13
"1385","Sales",1
"1386","Salvador",1
"1387","Salvage",3
"1388","Sam",2
"1389","San",172
"1390","Sand",2
"1391","Sandy",3
"1392","Santa",3
"1393","Santo",1
"1394","Schleicher",2
"1395","Scholarship",4
"1396","Schools",1
"1397","Scott",1
"1398","Search",2
"1399","Season",1
"1400","Season;",6
"1401","Seasonality,",7
"1402","Seco",1
"1403","Second",2
"1404","Section",6
"1405","Segment",4
"1406","Selected",32
"1407","Selma",1
"1408","Senora",1
"1409","Señora",1
"1410","Sensing",3
"1411","Seton",1
"1412","Settlement",9
"1413","Seven",14
"1414","SH",3
"1415","Shabik'eschee",4
"1416","Shafter",3
"1417","Sharecropper",1
"1418","Shell",1
"1419","Shell-tempered",1
"1420","Shell-Tempered",17
"1421","Shell:",5
"1422","Shelter",1
"1423","Shelters",6
"1424","Shop",1
"1425","Shoreline",1
"1426","Shovel",7
"1427","Shovel...",1
"1428","Side",1
"1429","Sidewalk",1
"1430","Siege",1
"1431","Significance",8
"1432","Siren",1
"1433","Site",144
"1434","Site,",26
"1435","Site:",6
"1436","Site),",1
"1437","sites",1
"1438","Sites",185
"1439","Sites,",32
"1440","Sites:",2
"1441","Six",8
"1442","Skeletal-Part",1
"1443","Slated",2
"1444","Slavery:",1
"1445","Slippery",1
"1446","Slope",1
"1447","Slough",1
"1448","Smith",4
"1449","Social",15
"1450","Society",1
"1451","Sociopolitical",10
"1452","Soldiers,",7
"1453","Some",2
"1454","Somervell",1
"1455","Source",2
"1456","South",11
"1457","South-central",94
"1458","South-Central",9
"1459","Southeast",3
"1460","Southeast:",4
"1461","Southeastern",8
"1462","Southern",56
"1463","Southside",1
"1464","Southwest",139
"1465","Southwest;",17
"1466","Southwestern",1
"1467","Spanish",4
"1468","Spatial",11
"1469","Spectrometry",8
"1470","Spoil",1
"1471","Spring",5
"1472","Springs",4
"1473","Spur",1
"1474","Squier",1
"1475","St.",2
"1476","Stable",98
"1477","Stagecoach",1
"1478","Starr",5
"1479","State",31
"1480","States",7
"1481","States;",1
"1482","Statewide",4
"1483","Statistical",1
"1484","Status",36
"1485","Stemmed:",1
"1486","Stockdale,",1
"1487","Stone",1
"1488","Stop",1
"1489","Storm",1
"1490","Stratified",3
"1491","Street",1
"1492","Street,",1
"1493","Structure",6
"1494","Structure:",31
"1495","Structures",1
"1496","Studies",4
"1497","Study",31
"1498","Subdivision",1
"1499","Subdivision,",8
"1500","Subsistence",15
"1501","Subsistence,",8
"1502","Substation",1
"1503","Sufficiency",1
"1504","Sugar",1
"1505","Summary",1
"1506","Sunrise",1
"1507","Supply",1
"1508","Support",1
"1509","Survey",257
"1510","Survey,",4
"1511","Swift",20
"1512","Swift,",4
"1513","Symmetries",2
"1514","Symmetry",31
"1515","System",10
"1516","T.C.",1
"1517","Tank",1
"1518","Tarrant",1
"1519","Taylor",8
"1520","Technologies",1
"1521","Technology,",1
"1522","Temper",7
"1523","Temporal",12
"1524","Tenant",1
"1525","Terrace",2
"1526","Terraces,",1
"1527","Test",39
"1528","Testing",250
"1529","Testing,",3
"1530","Testing:",1
"1531","Texas",621
"1532","Texas,",20
"1533","Texas;",72
"1534","Texas:",54
"1535","Texas.",3
"1536","than",4
"1537","the",1004
"1538","The",187
"1539","Theory",1
"1540","theStabilization",1
"1541","Thielepape",1
"1542","Think?",4
"1543","Third",2
"1544","Thoughtful",4
"1545","Three",14
"1546","through",1
"1547","Through",78
"1548","Ticket",1
"1549","Time",9
"1550","Titus",1
"1551","to",160
"1552","Toll",2
"1553","Tom",3
"1554","Tool",1
"1555","Toolstone",45
"1556","Totemism",5
"1557","Town",1
"1558","Toyah",2
"1559","Toyota",18
"1560","Tract",3
"1561","Traditions",9
"1562","Trail",3
"1563","Trail,",10
"1564","Trails",11
"1565","Training",17
"1566","Traits",72
"1567","Traits;",17
"1568","Transformation",25
"1569","Transit",1
"1570","Transition",51
"1571","Transport",45
"1572","Transportation",4
"1573","Travis",19
"1574","Treatment",8
"1575","Trench",1
"1576","Trenching",1
"1577","Trevino",1
"1578","Trinity",1
"1579","Two",6
"1580","TxDOT",2
"1581","TxDOT's",2
"1582","Tyler",2
"1583","U.S.",47
"1584","Underground",4
"1585","Underpinning",1
"1586","Understanding",6
"1587","Underwater",2
"1588","Unit",1
"1589","United",8
"1590","Universal",1
"1591","University",2
"1592","University-San",2
"1593","Unmarked",1
"1594","Upper",59
"1595","Upshur",1
"1596","Urban",4
"1597","Ursuline",2
"1598","US",3
"1599","Use",5
"1600","Using",9
"1601","Utah",45
"1602","UTSA",2
"1603","Uvalde",4
"1604","V",17
"1605","Val",4
"1606","Valenzuela",1
"1607","Valero",1
"1608","Valley",36
"1609","Variation",3
"1610","Variations",5
"1611","Verde",99
"1612","via",1
"1613","Vicinity",1
"1614","View",2
"1615","Village",51
"1616","Village,",1
"1617","Villita",1
"1618","Visitor",5
"1619","Visitor's",1
"1620","Voelcker",1
"1621","Vol",2
"1622","Vollrath",1
"1623","Volume",54
"1624","Walker",10
"1625","Wall",2
"1626","Waller",1
"1627","Walnut",3
"1628","War",2
"1629","Washington",4
"1630","Wasp",1
"1631","Wastewater",8
"1632","Water",3
"1633","Waters",6
"1634","Watershed,",5
"1635","Watson",2
"1636","We",4
"1637","Webb",14
"1638","Well",3
"1639","Wells",2
"1640","West",5
"1641","Western",8
"1642","Wetlands",2
"1643","Wetmore",22
"1644","Whale",3
"1645","Wharton",1
"1646","Wheat",1
"1647","White",3
"1648","Wilhelm",1
"1649","Williamson",6
"1650","Wilson",13
"1651","Wisconsin",1
"1652","Wisconsin;",1
"1653","with",1
"1654","With",1
"1655","within",9
"1656","Within",5
"1657","WN",1
"1658","Wolters,",1
"1659","Women's",6
"1660","Woodland",33
"1661","Wooten-Seale",1
"1662","Work:",1
"1663","Worker",1
"1664","Works",1
"1665","World",1
"1666","Wurzbach",14
"1667","Wyoming",9
"1668","Years",36
"1669","Yellowstone",2
"1670","Young",3
"1671","Zapata",2
"1672","Zapotec",1
"1673","Zavala",5
"1674","Zone",9
"1675","Zoo",1
"1676","Zooarchaeology;",1
"1677","δ^13",2
